begin;

create extension if not exists pgtap with schema extensions;
set search_path = public, extensions;
select plan(15);

insert into auth.users (id,instance_id,aud,role,email,encrypted_password,email_confirmed_at,raw_app_meta_data,raw_user_meta_data,created_at,updated_at) values
('61000000-0000-4000-8000-000000000001','00000000-0000-0000-0000-000000000000','authenticated','authenticated','runtime-alpha@example.test','',now(),'{}','{}',now(),now()),
('62000000-0000-4000-8000-000000000001','00000000-0000-0000-0000-000000000000','authenticated','authenticated','runtime-beta@example.test','',now(),'{}','{}',now(),now());
insert into public.organizations(id,name,slug,created_by) values
('61aaaaaa-0000-4000-8000-000000000001','Runtime Alpha','runtime-alpha','61000000-0000-4000-8000-000000000001'),
('62bbbbbb-0000-4000-8000-000000000001','Runtime Beta','runtime-beta','62000000-0000-4000-8000-000000000001');
insert into public.organization_memberships(tenant_id,user_id,role) values
('61aaaaaa-0000-4000-8000-000000000001','61000000-0000-4000-8000-000000000001','contributor'),
('62bbbbbb-0000-4000-8000-000000000001','62000000-0000-4000-8000-000000000001','contributor');

insert into public.stored_objects(tenant_id,id,storage_bucket,storage_path,file_name,declared_mime_type,detected_mime_type,size_bytes,sha256,status,malware_scan_status,created_by,validated_at) values
('61aaaaaa-0000-4000-8000-000000000001','61100000-0000-4000-8000-000000000001','attestly-evidence','tenant/61aaaaaa-0000-4000-8000-000000000001/objects/61100000-0000-4000-8000-000000000001/original','runtime.xlsx','application/vnd.openxmlformats-officedocument.spreadsheetml.sheet','application/vnd.openxmlformats-officedocument.spreadsheetml.sheet',100,repeat('1',64),'accepted','clean','61000000-0000-4000-8000-000000000001',now()),
('61aaaaaa-0000-4000-8000-000000000001','61100000-0000-4000-8000-000000000002','attestly-evidence','tenant/61aaaaaa-0000-4000-8000-000000000001/objects/61100000-0000-4000-8000-000000000002/original','evidence.txt','text/plain','text/plain',100,repeat('2',64),'accepted','clean','61000000-0000-4000-8000-000000000001',now()),
('61aaaaaa-0000-4000-8000-000000000001','61100000-0000-4000-8000-000000000003','attestly-evidence','tenant/61aaaaaa-0000-4000-8000-000000000001/objects/61100000-0000-4000-8000-000000000003/original','restricted.txt','text/plain','text/plain',100,repeat('3',64),'accepted','clean','61000000-0000-4000-8000-000000000001',now()),
('62bbbbbb-0000-4000-8000-000000000001','62100000-0000-4000-8000-000000000001','attestly-evidence','tenant/62bbbbbb-0000-4000-8000-000000000001/objects/62100000-0000-4000-8000-000000000001/original','evidence.txt','text/plain','text/plain',100,repeat('4',64),'accepted','clean','62000000-0000-4000-8000-000000000001',now());

insert into public.questionnaire_artifacts(tenant_id,id,stored_object_id,source_sha256,format,original_filename,created_by) values('61aaaaaa-0000-4000-8000-000000000001','61200000-0000-4000-8000-000000000001','61100000-0000-4000-8000-000000000001',repeat('1',64),'xlsx','runtime.xlsx','61000000-0000-4000-8000-000000000001');
insert into public.questionnaire_import_runs(tenant_id,id,questionnaire_artifact_id,status,processor_name,processor_version,ruleset_version,source_sha256,structural_fingerprint,compatibility_status,compatibility_dimensions,statistics,created_by,completed_at) values('61aaaaaa-0000-4000-8000-000000000001','61210000-0000-4000-8000-000000000001','61200000-0000-4000-8000-000000000001','succeeded','fixture','1','1',repeat('1',64),repeat('5',64),'compatible','{}','{}','61000000-0000-4000-8000-000000000001',now());
insert into public.questionnaire_mapping_versions(tenant_id,id,questionnaire_artifact_id,import_run_id,version_number,status,compatibility_status,source_sha256,structural_fingerprint,processor_version,target_scope,created_by,frozen_by,frozen_at) values('61aaaaaa-0000-4000-8000-000000000001','61220000-0000-4000-8000-000000000001','61200000-0000-4000-8000-000000000001','61210000-0000-4000-8000-000000000001',1,'frozen','compatible',repeat('1',64),repeat('5',64),'1','{"mode":"selected","products":["Core SaaS"],"environments":["production"],"regions":["global"]}','61000000-0000-4000-8000-000000000001','61000000-0000-4000-8000-000000000001',now());
insert into public.questionnaire_questions(tenant_id,id,mapping_version_id,local_id,original_text,normalized_text,question_type,polarity,display_order,source_location,answer_format,inclusion_status,mapping_confidence) values('61aaaaaa-0000-4000-8000-000000000001','61230000-0000-4000-8000-000000000001','61220000-0000-4000-8000-000000000001','q1','Do you review access quarterly?','Do you review access quarterly?','boolean_with_explanation','positive',1,'{"format":"xlsx","sheetName":"Security","cellRange":"B2","sectionPath":[],"neighbouringLabels":[]}','{"valueType":"boolean","allowedValues":["Yes","No"],"storedValues":{},"requiresExplanation":true,"requiresAttachment":false,"multilineAllowed":true,"blankAllowed":false,"notApplicableAllowed":true}','included','{"questionBoundary":1,"questionType":1,"instructionSeparation":1,"answerDestination":1,"answerFormat":1,"conditionalRelationship":1,"compoundDecomposition":1,"sectionAssignment":1,"scopeInference":1,"exportSafety":1}');
insert into public.questionnaire_atomic_requests(tenant_id,id,mapping_version_id,question_local_id,local_id,sequence,original_clause,normalized_claim,qualifiers,materiality) values('61aaaaaa-0000-4000-8000-000000000001','61240000-0000-4000-8000-000000000001','61220000-0000-4000-8000-000000000001','q1','claim-1',1,'review access quarterly','Access is reviewed quarterly.',array['quarterly'],'material');
insert into public.questionnaire_snapshots(tenant_id,id,questionnaire_artifact_id,mapping_version_id,snapshot_hash,status,target_scope,question_count,atomic_request_count,frozen_by) values('61aaaaaa-0000-4000-8000-000000000001','61250000-0000-4000-8000-000000000001','61200000-0000-4000-8000-000000000001','61220000-0000-4000-8000-000000000001',repeat('6',64),'frozen','{"mode":"selected","products":["Core SaaS"],"environments":["production"],"regions":["global"]}',1,1,'61000000-0000-4000-8000-000000000001');

insert into public.evidence_scopes(tenant_id,id,mode,products,environments,regions,created_by) values
('61aaaaaa-0000-4000-8000-000000000001','61300000-0000-4000-8000-000000000001','selected',array['Core SaaS'],array['production'],array['global'],'61000000-0000-4000-8000-000000000001'),
('62bbbbbb-0000-4000-8000-000000000001','62300000-0000-4000-8000-000000000001','selected',array['Core SaaS'],array['production'],array['global'],'62000000-0000-4000-8000-000000000001');
insert into public.evidence_documents(tenant_id,id,title,source_type,evidence_class,owner_user_id,confidentiality,disclosure_policy,scope_id,lifecycle_status,created_by) values
('61aaaaaa-0000-4000-8000-000000000001','61310000-0000-4000-8000-000000000001','Access Review','report','operational_proof','61000000-0000-4000-8000-000000000001','confidential','external_quote_allowed','61300000-0000-4000-8000-000000000001','approved','61000000-0000-4000-8000-000000000001'),
('61aaaaaa-0000-4000-8000-000000000001','61310000-0000-4000-8000-000000000002','Restricted Review','report','operational_proof','61000000-0000-4000-8000-000000000001','restricted','external_quote_allowed','61300000-0000-4000-8000-000000000001','approved','61000000-0000-4000-8000-000000000001'),
('62bbbbbb-0000-4000-8000-000000000001','62310000-0000-4000-8000-000000000001','Beta Review','report','operational_proof','62000000-0000-4000-8000-000000000001','confidential','external_quote_allowed','62300000-0000-4000-8000-000000000001','approved','62000000-0000-4000-8000-000000000001');
insert into public.evidence_versions(tenant_id,id,evidence_document_id,stored_object_id,scope_id,version_label,source_sha256,effective_from,review_due_at,lifecycle_status,extraction_status,index_status,malware_scan_status,extraction_quality,created_by,approved_by,approved_at) values
('61aaaaaa-0000-4000-8000-000000000001','61320000-0000-4000-8000-000000000001','61310000-0000-4000-8000-000000000001','61100000-0000-4000-8000-000000000002','61300000-0000-4000-8000-000000000001','1',repeat('2',64),current_date-1,current_date+30,'approved','succeeded','ready','clean',0.95,'61000000-0000-4000-8000-000000000001','61000000-0000-4000-8000-000000000001',now()),
('61aaaaaa-0000-4000-8000-000000000001','61320000-0000-4000-8000-000000000002','61310000-0000-4000-8000-000000000002','61100000-0000-4000-8000-000000000003','61300000-0000-4000-8000-000000000001','1',repeat('3',64),current_date-1,current_date+30,'approved_restricted','succeeded','ready','clean',0.95,'61000000-0000-4000-8000-000000000001','61000000-0000-4000-8000-000000000001',now()),
('62bbbbbb-0000-4000-8000-000000000001','62320000-0000-4000-8000-000000000001','62310000-0000-4000-8000-000000000001','62100000-0000-4000-8000-000000000001','62300000-0000-4000-8000-000000000001','1',repeat('4',64),current_date-1,current_date+30,'approved','succeeded','ready','clean',0.95,'62000000-0000-4000-8000-000000000001','62000000-0000-4000-8000-000000000001',now());
insert into public.extraction_runs(tenant_id,id,evidence_version_id,status,source_sha256,extractor_name,extractor_version,normalization_ruleset_version,completed_at) values
('61aaaaaa-0000-4000-8000-000000000001','61330000-0000-4000-8000-000000000001','61320000-0000-4000-8000-000000000001','succeeded',repeat('2',64),'fixture','1','1',now()),
('61aaaaaa-0000-4000-8000-000000000001','61330000-0000-4000-8000-000000000002','61320000-0000-4000-8000-000000000002','succeeded',repeat('3',64),'fixture','1','1',now()),
('62bbbbbb-0000-4000-8000-000000000001','62330000-0000-4000-8000-000000000001','62320000-0000-4000-8000-000000000001','succeeded',repeat('4',64),'fixture','1','1',now());
insert into public.evidence_spans(tenant_id,id,evidence_version_id,extraction_run_id,local_id,source_node_local_ids,text_content,normalized_text,page_number,heading_path,extraction_method,extraction_confidence,source_location,content_hash) values
('61aaaaaa-0000-4000-8000-000000000001','61340000-0000-4000-8000-000000000001','61320000-0000-4000-8000-000000000001','61330000-0000-4000-8000-000000000001','s1',array['n1'],'Access is reviewed quarterly.','access is reviewed quarterly.',1,array['Review'],'native_text',0.95,'{"pageNumber":1}',repeat('7',64)),
('61aaaaaa-0000-4000-8000-000000000001','61340000-0000-4000-8000-000000000002','61320000-0000-4000-8000-000000000002','61330000-0000-4000-8000-000000000002','s2',array['n2'],'Restricted access evidence reviewed quarterly.','restricted access evidence reviewed quarterly.',1,array['Review'],'native_text',0.95,'{"pageNumber":1}',repeat('8',64)),
('62bbbbbb-0000-4000-8000-000000000001','62340000-0000-4000-8000-000000000001','62320000-0000-4000-8000-000000000001','62330000-0000-4000-8000-000000000001','s1',array['n1'],'Access is reviewed quarterly.','access is reviewed quarterly.',1,array['Review'],'native_text',0.95,'{"pageNumber":1}',repeat('9',64));

insert into public.jobs(tenant_id,id,type,status,idempotency_key,correlation_id,created_by) values
('61aaaaaa-0000-4000-8000-000000000001','61400000-0000-4000-8000-000000000001','generate_answer','pending','runtime-1','61410000-0000-4000-8000-000000000001','61000000-0000-4000-8000-000000000001'),
('61aaaaaa-0000-4000-8000-000000000001','61400000-0000-4000-8000-000000000002','generate_answer','pending','runtime-2','61410000-0000-4000-8000-000000000002','61000000-0000-4000-8000-000000000001');
insert into public.generation_runs(tenant_id,id,questionnaire_snapshot_id,mapping_version_id,question_id,job_id,operation,status,snapshot_hash,requested_scope,provider,model,prompt_version,schema_version,idempotency_key,requested_by) values
('61aaaaaa-0000-4000-8000-000000000001','61420000-0000-4000-8000-000000000001','61250000-0000-4000-8000-000000000001','61220000-0000-4000-8000-000000000001','61230000-0000-4000-8000-000000000001','61400000-0000-4000-8000-000000000001','internal_answer_draft','pending',repeat('6',64),'{"mode":"selected","products":["Core SaaS"],"environments":["production"],"regions":["global"]}','fake','deterministic-fake-v1','phase5-v1',1,'runtime-1','61000000-0000-4000-8000-000000000001'),
('61aaaaaa-0000-4000-8000-000000000001','61420000-0000-4000-8000-000000000002','61250000-0000-4000-8000-000000000001','61220000-0000-4000-8000-000000000001','61230000-0000-4000-8000-000000000001','61400000-0000-4000-8000-000000000002','internal_answer_draft','pending',repeat('6',64),'{"mode":"selected","products":["Core SaaS"],"environments":["production"],"regions":["global"]}','fake','deterministic-fake-v1','phase5-v1',1,'runtime-2','61000000-0000-4000-8000-000000000001');

select is((select count(*)::integer from public.search_evidence_for_generation('61aaaaaa-0000-4000-8000-000000000001','61420000-0000-4000-8000-000000000001','access reviewed quarterly',12)),1,'Service retrieval returns eligible tenant evidence and excludes restricted evidence for contributor requesters');
select ok(not exists(select 1 from public.retrieval_candidates where tenant_id='62bbbbbb-0000-4000-8000-000000000001'),'Service retrieval never creates another tenant candidate');
select throws_ok($$select * from public.search_evidence_for_generation('62bbbbbb-0000-4000-8000-000000000001','61420000-0000-4000-8000-000000000001','access',5)$$,'P0002','Generation run not found','Cross-tenant run lookup fails closed');
select lives_ok($$select public.persist_generation_input('61aaaaaa-0000-4000-8000-000000000001','61420000-0000-4000-8000-000000000001',repeat('a',64),jsonb_build_object('tenantId','61aaaaaa-0000-4000-8000-000000000001','generationRunId','61420000-0000-4000-8000-000000000001','questionnaireSnapshotId','61250000-0000-4000-8000-000000000001','questionId','61230000-0000-4000-8000-000000000001','snapshotHash',repeat('6',64)),jsonb_build_array(jsonb_build_object('spanId','61340000-0000-4000-8000-000000000001','evidenceVersionId','61320000-0000-4000-8000-000000000001','retrievalRunId',(select id from public.retrieval_runs where tenant_id='61aaaaaa-0000-4000-8000-000000000001' limit 1),'candidateOrder',1)))$$,'First immutable input persistence succeeds');
select lives_ok($$select public.persist_generation_input('61aaaaaa-0000-4000-8000-000000000001','61420000-0000-4000-8000-000000000001',repeat('a',64),jsonb_build_object('tenantId','61aaaaaa-0000-4000-8000-000000000001','generationRunId','61420000-0000-4000-8000-000000000001','questionnaireSnapshotId','61250000-0000-4000-8000-000000000001','questionId','61230000-0000-4000-8000-000000000001','snapshotHash',repeat('6',64)),'[]'::jsonb)$$,'Retry with the same immutable input is idempotent');
select is((select count(*)::integer from public.generation_candidates where generation_run_id='61420000-0000-4000-8000-000000000001'),1,'Idempotent retry does not duplicate candidates');
select throws_ok($$select public.persist_generation_input('61aaaaaa-0000-4000-8000-000000000001','61420000-0000-4000-8000-000000000001',repeat('b',64),jsonb_build_object('tenantId','61aaaaaa-0000-4000-8000-000000000001','generationRunId','61420000-0000-4000-8000-000000000001','questionnaireSnapshotId','61250000-0000-4000-8000-000000000001','questionId','61230000-0000-4000-8000-000000000001','snapshotHash',repeat('6',64)),'[]'::jsonb)$$,'23505','Generation retry input does not match the immutable snapshot','Changed retry input is rejected');
select lives_ok($$select public.record_generation_usage('61aaaaaa-0000-4000-8000-000000000001','61420000-0000-4000-8000-000000000001','{"provider":"fake","model":"deterministic-fake-v1","inputTokens":0,"outputTokens":0,"latencyMs":1,"costMicroUsd":0,"attempt":1}')$$,'Provider usage can be recorded');
select lives_ok($$select public.record_generation_usage('61aaaaaa-0000-4000-8000-000000000001','61420000-0000-4000-8000-000000000001','{"provider":"fake","model":"deterministic-fake-v1","inputTokens":0,"outputTokens":0,"latencyMs":1,"costMicroUsd":0,"attempt":1}')$$,'Repeated provider usage recording is idempotent');
select is((select count(*)::integer from public.generation_provider_usage),1,'Idempotent usage recording creates one row');
select throws_ok($$update public.generation_provider_usage set latency_ms=2$$,'42501','Generation usage records are append-only','Provider usage cannot be mutated');
select lives_ok($$select public.fail_generation_run('61aaaaaa-0000-4000-8000-000000000001','61420000-0000-4000-8000-000000000002','provider_rate_limited','retry later',true)$$,'Retryable provider failure is persisted safely');
select is((select status::text from public.generation_runs where id='61420000-0000-4000-8000-000000000002'),'failed_retryable','Generation failure uses the typed retryable state');
select is((select status::text from public.jobs where id='61400000-0000-4000-8000-000000000002'),'failed_retryable','Job failure uses the typed retryable state');
set local role authenticated;
select set_config('request.jwt.claim.sub','61000000-0000-4000-8000-000000000001',true);
select set_config('request.jwt.claims','{"sub":"61000000-0000-4000-8000-000000000001","email":"runtime-alpha@example.test","role":"authenticated"}',true);
select lives_ok($$select public.cancel_generation_run('61aaaaaa-0000-4000-8000-000000000001','61420000-0000-4000-8000-000000000002')$$,'Requester can cancel an unfinished run');
reset role;
select * from finish();
rollback;
